Workbook

Sheet procedure
A1: autoPV
A3: 1. fit line to the points below TLP for 1/psiL vs 1-RWC. The y-intercept of this line is pi_o, the negative of that number is max psi_p | B3: use the 4 lowest points
A4: 2. calculate psi_p based on subtracting psi_s (from the line in previous step) for each psiL point
A5: 3. fit a line through psi_p vs 1-RWC. The x-intercept is the RWDtlp. 1-RWDtlp is the RWCtlp | B5: use the 4 highest (non-plateau) points
A6: 4. put the RWDtlp into the eqn from item 1 to get the psi_tlp
A7: 5. to estimate e, use maxpsi_p/(1-RWCtlp)

Sheet QUAG_1
A2: Mass (g)
A3: Bag (g) | B3: 1.3028 | D3: Leaf area (cm2)
A4: Leaf dry mass(g) | B4: 0.20098
A7: Y (MPa) | B7: (-1/Y) | C7: M(g) | D7: Leaf water (g) | E7: Total RWC | F7: Total RWC(%) | G7: 100- total RWC | H7: Symplastic RWC | I7: Symplastic RWC (%) | J7: Yo (MPa) | K7: YP (MPa) | M7: SWC | N7: =B23/B4 -> 1.0105633 | O7: Automatically calculated from the Saturated Water Content extrapolation below
A8: -0.652 | B8: =-1/A8 -> 1.5337423 | C8: 1.69065 | D8: =C8-$B$3-$B$4 -> 0.18687 | E8: =(D8/$B$23) -> 0.92007499 | F8: =100*E8 -> 92.007499 | G8: =100-F8 -> 7.9925014 | H8: =(E8-N$10/100)/(1-N$10/100) -> 0.93246733 | I8: =H8*100 -> 93.246733 | J8: =-1/($K$23+$K$22*G8) -> -2.1760924 | K8: =A8-J8 -> 1.5240924 | M8: Po (MPa) | N8: =-1/K23 -> -2.0291351 | O8: Automatically calculated from the psiTLP slope and intercept below
A9: -1.095 | B9: =-1/A9 -> 0.91324201 | C9: 1.68047 | D9: =C9-$B$3-$B$4 -> 0.17669 | E9: =(D9/$B$23) -> 0.86995264 | F9: =100*E9 -> 86.995264 | G9: =100-F9 -> 13.004736 | H9: =(E9-N$10/100)/(1-N$10/100) -> 0.89011643 | I9: =H9*100 -> 89.011643 | J9: =-1/($K$23+$K$22*G9) -> -2.2796288 | K9: =A9-J9 -> 1.1846288 | M9: YTLP (MPa) | N9: =J12 -> -2.6944509 | O9: Refer to the cell with PSIo at turgor loss point (from column K)
A10: -1.965 | B10: =-1/A10 -> 0.50890585 | C10: 1.67065 | D10: =C10-$B$3-$B$4 -> 0.16687 | E10: =(D10/$B$23) -> 0.82160279 | F10: =100*E10 -> 82.160279 | G10: =100-F10 -> 17.839721 | H10: =(E10-N$10/100)/(1-N$10/100) -> 0.8492632 | I10: =H10*100 -> 84.92632 | J10: =-1/($K$23+$K$22*G10) -> -2.3892888 | K10: =A10-J10 -> 0.42428879 | M10: af (%) | N10: =100+(K23/K22) -> -18.350143 | O10: Automatically calculated from the psiTLP slope and intercept below
A11: -2.651 | B11: =-1/A11 -> 0.37721614 | C11: 1.65532 | D11: =C11-$B$3-$B$4 -> 0.15154 | E11: =(D11/$B$23) -> 0.74612385 | F11: =100*E11 -> 74.612385 | G11: =100-F11 -> 25.387615 | H11: =(E11-N$10/100)/(1-N$10/100) -> 0.78548724 | I11: =H11*100 -> 78.548724 | J11: =-1/($K$23+$K$22*G11) -> -2.583282 | K11: =A11-J11 -> -0.067718002 | M11: RWC*TLP (%) | N11: =F12 -> 70.776893 | O11: Refer to the cell with total RWC value at turgor loss point (from column F)
A12: -2.792 | B12: =-1/A12 -> 0.35816619 | C12: 1.64753 | D12: =C12-$B$3-$B$4 -> 0.14375 | E12: =(D12/$B$23) -> 0.70776893 | F12: =100*E12 -> 70.776893 | G12: =100-F12 -> 29.223107 | H12: =(E12-N$10/100)/(1-N$10/100) -> 0.75307924 | I12: =H12*100 -> 75.307924 | J12: =-1/($K$23+$K$22*G12) -> -2.6944509 | K12: =A12-J12 -> -0.097549065 | M12: RWCTLP (%) | N12: =I12 -> 75.307924 | O12: Refer to the cell with symplastic RWC value at turgor loss point (from column I)
A13: -2.858 | B13: =-1/A13 -> 0.34989503 | C13: 1.6379 | D13: =C13-$B$3-$B$4 -> 0.13412 | E13: =(D13/$B$23) -> 0.66035456 | F13: =100*E13 -> 66.035456 | G13: =100-F13 -> 33.964544 | H13: =(E13-N$10/100)/(1-N$10/100) -> 0.71301645 | I13: =H13*100 -> 71.301645 | J13: =-1/($K$23+$K$22*G13) -> -2.8458461 | K13: =A13-J13 -> -0.012153949 | M13: e* (MPa) | N13: =STDEV(K8:K12)/STDEV(E8:E12) -> 8.4368938 | O13: The slope of psiP versus total RWC, above and including turgor loss point
A14: -3.297 | B14: =-1/A14 -> 0.30330604 | C14: 1.61735 | D14: =C14-$B$3-$B$4 -> 0.11357 | E14: =(D14/$B$23) -> 0.55917438 | F14: =100*E14 -> 55.917438 | G14: =100-F14 -> 44.082562 | H14: =(E14-N$10/100)/(1-N$10/100) -> 0.62752422 | I14: =H14*100 -> 62.752422 | J14: =-1/($K$23+$K$22*G14) -> -3.2335566 | K14: =A14-J14 -> -0.063443425 | M14: e (MPa) | N14: =STDEV(K8:K12)/STDEV(H8:H12) -> 9.9850758 | O14: The slope of psiP versus symplastic RWC, above and including turgor loss point
A15: -3.308 | B15: =-1/A15 -> 0.30229746 | C15: 1.60861 | D15: =C15-$B$3-$B$4 -> 0.10483 | E15: =(D15/$B$23) -> 0.51614203 | F15: =100*E15 -> 51.614203 | G15: =100-F15 -> 48.385797 | H15: =(E15-N$10/100)/(1-N$10/100) -> 0.59116402 | I15: =H15*100 -> 59.116402 | J15: =-1/($K$23+$K$22*G15) -> -3.4324401 | K15: =A15-J15 -> 0.12444008 | M15: C*FT (MPa-1) | N15: =STDEV(E8:E12)/STDEV(A8:A12) -> 0.092486961 | O15: The slope of total RWC vs psiLEAF, including points above and including turgor loss point
A16: -3.904 | B16: =-1/A16 -> 0.25614754 | C16: 1.59316 | D16: =C16-$B$3-$B$4 -> 0.08938 | E16: =(D16/$B$23) -> 0.44007225 | F16: =100*E16 -> 44.007225 | G16: =100-F16 -> 55.992775 | H16: =(E16-N$10/100)/(1-N$10/100) -> 0.52688883 | I16: =H16*100 -> 52.688883 | J16: =-1/($K$23+$K$22*G16) -> -3.8511635 | K16: =A16-J16 -> -0.052836452 | M16: C*TLP (MPa-1) | N16: =STDEV(E12:E16)/STDEV(A12:A16) -> 0.24266633 | O16: The slope of total RWC vs psiLEAF, including points below and including turgor loss point
M17: CFT (MPa-1) | N17: =STDEV(H8:H12)/STDEV(A8:A12) -> 0.078146894 | O17: The slope of symplastic RWC vs. psiLEAF, including points above and including turgor loss point
A18: Plateau effect | M18: CTLP (MPa-1) | N18: =STDEV(H12:H16)/STDEV(A12:A16) -> 0.20504101 | O18: The slope of symplastic RWC vs. psiLEAF, including points below and including turgor loss point
A19: -0.3 | B19: =-1/A19 -> 3.3333333 | C19: 1.72191 | D19: =C19-$B$3-$B$4 -> 0.21813 | E19: =(D19/$B$23) -> 1.073987 | F19: =100*E19 -> 107.3987 | G19: =100-F19 -> -7.3987032 | H19: =(E19-N$10/100)/(1-N$10/100) -> 1.0625154 | I19: =H19*100 -> 106.25154 | J19: =-1/($K$23+$K$22*G19) -> -1.9097465 | K19: =A19-J19 -> 1.6097465 | M19: CFT, absolute (mol m-2 MPa-1) | N19: =N15*B23/18/(E3/10000) -> #DIV/0!
A21: Saturated water content extrapolation | J21: YTLP estimation
A22: Slope | B22: =STDEV(D8:D13)/STDEV(A8:A13) -> 0.021541502 | C22: n | D22: =COUNT(D8:D13) -> 6 | J22: Slope | K22: =-STDEV(B13:B16)/STDEV(G13:G16) -> -0.0041640914 | M22: =0.003*21 -> 0.063
A23: Intercept | B23: =AVERAGE(D8:D13)-B22*AVERAGE(A8:A13) -> 0.20310301 | C23: = Saturated Water Content (g) | J23: Intercept | K23: =AVERAGE(B13:B16)-K22*AVERAGE(G13:G16) -> 0.49282082
J24: n | K24: =COUNT(H12:H16) -> 5
J26: pio | K26: =-1/K23 -> -2.0291351
J27: maxpsip | K27: =-K26 -> 2.0291351
J28: RWDtlp | K28: =-(INTERCEPT(K8:K11,G8:G11)/(SLOPE(K8:K11,G8:G11))) -> 24.049324
J29: RWCtlp | K29: =100-K28 -> 75.950676
J30: psi_tlp | K30: =-1/(K22*(K28)+K23) -> -2.5466208
J31: e | K31: =K27/((100-K29)/100) -> 8.4373891

Sheet QUAG_2
A2: Mass (g)
A3: Bag (g) | B3: 1.26869 | D3: Leaf area (cm2)
A4: Leaf dry mass(g) | B4: 0.06288
A7: Y (MPa) | B7: (-1/Y) | C7: M(g) | D7: Leaf water (g) | E7: Total RWC | F7: Total RWC(%) | G7: 100- total RWC | H7: Symplastic RWC | I7: Symplastic RWC (%) | J7: Yo (MPa) | K7: YP (MPa) | M7: SWC | N7: =B23/B4 -> 1.3652429 | O7: Automatically calculated from the Saturated Water Content extrapolation below
A8: -0.301 | B8: =-1/A8 -> 3.3222591 | C8: 1.41644 | D8: =C8-$B$3-$B$4 -> 0.08487 | E8: =(D8/$B$23) -> 0.98862533 | F8: =100*E8 -> 98.862533 | G8: =100-F8 -> 1.1374665 | H8: =(E8-N$10/100)/(1-N$10/100) -> 0.99058604 | I8: =H8*100 -> 99.058604 | J8: =-1/($K$23+$K$22*G8) -> -2.1122333 | K8: =A8-J8 -> 1.8112333 | M8: Po (MPa) | N8: =-1/K23 -> -2.0923488 | O8: Automatically calculated from the psiTLP slope and intercept below
A9: -0.651 | B9: =-1/A9 -> 1.5360983 | C9: 1.40961 | D9: =C9-$B$3-$B$4 -> 0.07804 | E9: =(D9/$B$23) -> 0.9090647 | F9: =100*E9 -> 90.90647 | G9: =100-F9 -> 9.09353 | H9: =(E9-N$10/100)/(1-N$10/100) -> 0.92473967 | I9: =H9*100 -> 92.473967 | J9: =-1/($K$23+$K$22*G9) -> -2.2626355 | K9: =A9-J9 -> 1.6116355 | M9: YTLP (MPa) | N9: =J12 -> -3.0345657 | O9: Refer to the cell with PSIo at turgor loss point (from column K)
A10: -1.34 | B10: =-1/A10 -> 0.74626866 | C10: 1.39798 | D10: =C10-$B$3-$B$4 -> 0.06641 | E10: =(D10/$B$23) -> 0.7735903 | F10: =100*E10 -> 77.35903 | G10: =100-F10 -> 22.64097 | H10: =(E10-N$10/100)/(1-N$10/100) -> 0.81261767 | I10: =H10*100 -> 81.261767 | J10: =-1/($K$23+$K$22*G10) -> -2.5748256 | K10: =A10-J10 -> 1.2348256 | M10: af (%) | N10: =100+(K23/K22) -> -20.827671 | O10: Automatically calculated from the psiTLP slope and intercept below
A11: -2.362 | B11: =-1/A11 -> 0.42337003 | C11: 1.39107 | D11: =C11-$B$3-$B$4 -> 0.0595 | E11: =(D11/$B$23) -> 0.69309777 | F11: =100*E11 -> 69.309777 | G11: =100-F11 -> 30.690223 | H11: =(E11-N$10/100)/(1-N$10/100) -> 0.74600004 | I11: =H11*100 -> 74.600004 | J11: =-1/($K$23+$K$22*G11) -> -2.804757 | K11: =A11-J11 -> 0.44275697 | M11: RWC*TLP (%) | N11: =F12 -> 62.483637 | O11: Refer to the cell with total RWC value at turgor loss point (from column F)
A12: -3.002 | B12: =-1/A12 -> 0.33311126 | C12: 1.38521 | D12: =C12-$B$3-$B$4 -> 0.05364 | E12: =(D12/$B$23) -> 0.62483637 | F12: =100*E12 -> 62.483637 | G12: =100-F12 -> 37.516363 | H12: =(E12-N$10/100)/(1-N$10/100) -> 0.68950521 | I12: =H12*100 -> 68.950521 | J12: =-1/($K$23+$K$22*G12) -> -3.0345657 | K12: =A12-J12 -> 0.032565653 | M12: RWCTLP (%) | N12: =I12 -> 68.950521 | O12: Refer to the cell with symplastic RWC value at turgor loss point (from column I)
A13: -3.336 | B13: =-1/A13 -> 0.29976019 | C13: 1.38045 | D13: =C13-$B$3-$B$4 -> 0.04888 | E13: =(D13/$B$23) -> 0.56938855 | F13: =100*E13 -> 56.938855 | G13: =100-F13 -> 43.061145 | H13: =(E13-N$10/100)/(1-N$10/100) -> 0.6436152 | I13: =H13*100 -> 64.36152 | J13: =-1/($K$23+$K$22*G13) -> -3.2509313 | K13: =A13-J13 -> -0.085068691 | M13: e* (MPa) | N13: =STDEV(K8:K12)/STDEV(E8:E12) -> 5.0810744 | O13: The slope of psiP versus total RWC, above and including turgor loss point
A14: -3.587 | B14: =-1/A14 -> 0.2787845 | C14: 1.373 | D14: =C14-$B$3-$B$4 -> 0.04143 | E14: =(D14/$B$23) -> 0.48260572 | F14: =100*E14 -> 48.260572 | G14: =100-F14 -> 51.739428 | H14: =(E14-N$10/100)/(1-N$10/100) -> 0.57179156 | I14: =H14*100 -> 57.179156 | J14: =-1/($K$23+$K$22*G14) -> -3.6592859 | K14: =A14-J14 -> 0.072285909 | M14: e (MPa) | N14: =STDEV(K8:K12)/STDEV(H8:H12) -> 6.1393439 | O14: The slope of psiP versus symplastic RWC, above and including turgor loss point
A15: -3.848 | B15: =-1/A15 -> 0.25987526 | C15: 1.37036 | D15: =C15-$B$3-$B$4 -> 0.03879 | E15: =(D15/$B$23) -> 0.45185315 | F15: =100*E15 -> 45.185315 | G15: =100-F15 -> 54.814685 | H15: =(E15-N$10/100)/(1-N$10/100) -> 0.54633997 | I15: =H15*100 -> 54.633997 | J15: =-1/($K$23+$K$22*G15) -> -3.8297561 | K15: =A15-J15 -> -0.018243908 | M15: C*FT (MPa-1) | N15: =STDEV(E8:E12)/STDEV(A8:A12) -> 0.13202528 | O15: The slope of total RWC vs psiLEAF, including points above and including turgor loss point
M16: C*TLP (MPa-1) | N16: =STDEV(E12:E16)/STDEV(A12:A16) -> 0.21982692 | O16: The slope of total RWC vs psiLEAF, including points below and including turgor loss point
A17: Plateau effect | M17: CFT (MPa-1) | N17: =STDEV(H8:H12)/STDEV(A8:A12) -> 0.10926742 | O17: The slope of symplastic RWC vs. psiLEAF, including points above and including turgor loss point
A18: -0.12 | B18: =-1/A18 -> 8.3333333 | C18: 1.42896 | D18: =C18-$B$3-$B$4 -> 0.09739 | E18: =(D18/$B$23) -> 1.1344671 | F18: =100*E18 -> 113.44671 | G18: =100-F18 -> -13.446708 | H18: =(E18-N$10/100)/(1-N$10/100) -> 1.1112883 | I18: =H18*100 -> 111.12883 | J18: =-1/($K$23+$K$22*G18) -> -1.8828137 | K18: =A18-J18 -> 1.7628137 | M18: CTLP (MPa-1) | N18: =STDEV(H12:H16)/STDEV(A12:A16) -> 0.18193426 | O18: The slope of symplastic RWC vs. psiLEAF, including points below and including turgor loss point
M19: CFT, absolute (mol m-2 MPa-1) | N19: =N15*B23/18/(E3/10000) -> #DIV/0!
A21: Saturated water content extrapolation | J21: YTLP estimation
A22: Slope | B22: =STDEV(D8:D12)/STDEV(A8:A12) -> 0.011333905 | C22: n | D22: =COUNT(D8:D12) -> 5 | J22: Slope | K22: =-STDEV(B12:B16)/STDEV(G12:G16) -> -0.0039554829
A23: Intercept | B23: =AVERAGE(D8:D12)-B22*AVERAGE(A8:A12) -> 0.085846475 | C23: = Saturated Water Content (g) | J23: Intercept | K23: =AVERAGE(B12:B16)-K22*AVERAGE(G12:G16) -> 0.47793178
J24: n | K24: =COUNT(H12:H16) -> 4
J26: pio | K26: =-1/K23 -> -2.0923488
J27: maxpsip | K27: =-K26 -> 2.0923488
J28: RWDtlp | K28: =-(INTERCEPT(K8:K11,G8:G11)/(SLOPE(K8:K11,G8:G11))) -> 45.461156
J29: RWCtlp | K29: =100-K28 -> 54.538844
J30: psi_tlp | K30: =-1/(K22*(K28)+K23) -> -3.3544557
J31: e | K31: =K27/((100-K29)/100) -> 4.6024981

Sheet QUAG_3
A2: Mass (g)
A3: Bag (g) | B3: 1.095302 | D3: Leaf area (cm2)
A4: Leaf dry mass(g) | B4: 0.141599
A7: Y (MPa) | B7: (-1/Y) | C7: M(g) | D7: Leaf water (g) | E7: Total RWC | F7: Total RWC(%) | G7: 100- total RWC | H7: Symplastic RWC | I7: Symplastic RWC (%) | J7: Yo (MPa) | K7: YP (MPa) | M7: SWC | N7: =B28/B4 -> 1.49157 | O7: Automatically calculated from the Saturated Water Content extrapolation below
A8: -0.797 | B8: =-1/A8 -> 1.2547051 | C8: 1.43912 | D8: =C8-$B$3-$B$4 -> 0.202219 | E8: =(D8/$B$28) -> 0.95745449 | F8: =100*E8 -> 95.745449 | G8: =100-F8 -> 4.254551 | H8: =(E8-N$10/100)/(1-N$10/100) -> 0.91904749 | I8: =H8*100 -> 91.904749 | J8: =-1/($K$28+$K$27*G8) -> -2.3998012 | K8: =A8-J8 -> 1.6028012 | M8: Po (MPa) | N8: =-1/K28 -> -2.2055313 | O8: Automatically calculated from the psiTLP slope and intercept below
A9: -1.94 | B9: =-1/A9 -> 0.51546392 | C9: 1.4274 | D9: =C9-$B$3-$B$4 -> 0.190499 | E9: =(D9/$B$28) -> 0.90196333 | F9: =100*E9 -> 90.196333 | G9: =100-F9 -> 9.8036669 | H9: =(E9-N$10/100)/(1-N$10/100) -> 0.81346294 | I9: =H9*100 -> 81.346294 | J9: =-1/($K$28+$K$27*G9) -> -2.7112867 | K9: =A9-J9 -> 0.77128674 | M9: YTLP (MPa) | N9: =J11 -> -3.1148995 | O9: Refer to the cell with PSIo at turgor loss point (from column K)
A10: -2.466 | B10: =-1/A10 -> 0.405515 | C10: 1.42359 | D10: =C10-$B$3-$B$4 -> 0.186689 | E10: =(D10/$B$28) -> 0.88392397 | F10: =100*E10 -> 88.392397 | G10: =100-F10 -> 11.607603 | H10: =(E10-N$10/100)/(1-N$10/100) -> 0.77913895 | I10: =H10*100 -> 77.913895 | J10: =-1/($K$28+$K$27*G10) -> -2.8307291 | K10: =A10-J10 -> 0.36472907 | M10: af (%) | N10: =100+(K28/K27) -> 47.443865 | O10: Automatically calculated from the psiTLP slope and intercept below
A11: -2.918 | B11: =-1/A11 -> 0.34270048 | C11: 1.4157 | D11: =C11-$B$3-$B$4 -> 0.178799 | E11: =(D11/$B$28) -> 0.84656687 | F11: =100*E11 -> 84.656687 | G11: =100-F11 -> 15.343313 | H11: =(E11-N$10/100)/(1-N$10/100) -> 0.70805857 | I11: =H11*100 -> 70.805857 | J11: =-1/($K$28+$K$27*G11) -> -3.1148995 | K11: =A11-J11 -> 0.1968995 | M11: RWC*TLP (%) | N11: =F11 -> 84.656687 | O11: Refer to the cell with total RWC value at turgor loss point (from column F)
A12: -3.72 | B12: =-1/A12 -> 0.2688172 | C12: 1.40706 | D12: =C12-$B$3-$B$4 -> 0.170159 | E12: =(D12/$B$28) -> 0.80565871 | F12: =100*E12 -> 80.565871 | G12: =100-F12 -> 19.434129 | H12: =(E12-N$10/100)/(1-N$10/100) -> 0.6302215 | I12: =H12*100 -> 63.02215 | J12: =-1/($K$28+$K$27*G12) -> -3.4996129 | K12: =A12-J12 -> -0.22038709 | M12: RWCTLP (%) | N12: =I11 -> 70.805857 | O12: Refer to the cell with symplastic RWC value at turgor loss point (from column I)
A13: -3.741 | B13: =-1/A13 -> 0.26730821 | C13: 1.3992 | D13: =C13-$B$3-$B$4 -> 0.162299 | E13: =(D13/$B$28) -> 0.76844365 | F13: =100*E13 -> 76.844365 | G13: =100-F13 -> 23.155635 | H13: =(E13-N$10/100)/(1-N$10/100) -> 0.55941138 | I13: =H13*100 -> 55.941138 | J13: =-1/($K$28+$K$27*G13) -> -3.9425928 | K13: =A13-J13 -> 0.20159281 | M13: e* (MPa) | N13: =STDEV(K8:K11)/STDEV(E8:E11) -> 13.591965 | O13: The slope of psiP versus total RWC, above and including turgor loss point
A14: -4.192 | B14: =-1/A14 -> 0.23854962 | C14: 1.39224 | D14: =C14-$B$3-$B$4 -> 0.155339 | E14: =(D14/$B$28) -> 0.73548986 | F14: =100*E14 -> 73.548986 | G14: =100-F14 -> 26.451014 | H14: =(E14-N$10/100)/(1-N$10/100) -> 0.49670929 | I14: =H14*100 -> 49.670929 | J14: =-1/($K$28+$K$27*G14) -> -4.4402859 | K14: =A14-J14 -> 0.24828593 | M14: e (MPa) | N14: =STDEV(K8:K11)/STDEV(H8:H11) -> 7.1434117 | O14: The slope of psiP versus symplastic RWC, above and including turgor loss point
A15: -5.281 | B15: =-1/A15 -> 0.18935808 | C15: 1.38593 | D15: =C15-$B$3-$B$4 -> 0.149029 | E15: =(D15/$B$28) -> 0.70561364 | F15: =100*E15 -> 70.561364 | G15: =100-F15 -> 29.438636 | H15: =(E15-N$10/100)/(1-N$10/100) -> 0.43986301 | I15: =H15*100 -> 43.986301 | J15: =-1/($K$28+$K$27*G15) -> -5.0141323 | K15: =A15-J15 -> -0.26686773 | M15: C*FT (MPa-1) | N15: =STDEV(E8:E11)/STDEV(A8:A11) -> 0.050497641 | O15: The slope of total RWC vs psiLEAF, including points above and including turgor loss point
M16: C*TLP (MPa-1) | N16: =STDEV(E11:E15)/STDEV(A11:A15) -> 0.064519694 | O16: The slope of total RWC vs psiLEAF, including points below and including turgor loss point
M17: CFT (MPa-1) | N17: =STDEV(H8:H11)/STDEV(A8:A11) -> 0.096083246 | O17: The slope of symplastic RWC vs. psiLEAF, including points above and including turgor loss point
M18: CTLP (MPa-1) | N18: =STDEV(H11:H15)/STDEV(A11:A15) -> 0.12276339 | O18: The slope of symplastic RWC vs. psiLEAF, including points below and including turgor loss point
A19: -0.474 | B19: =-1/A19 -> 2.1097046 | C19: 1.46618 | D19: =C19-$B$3-$B$4 -> 0.229279 | E19: =(D19/$B$28) -> 1.0855766 | F19: =100*E19 -> 108.55766 | G19: =100-F19 -> -8.5576568 | H19: =(E19-N$10/100)/(1-N$10/100) -> 1.1628289 | I19: =H19*100 -> 116.28289 | J19: =-1/($K$28+$K$27*G19) -> -1.8966946 | K19: =A19-J19 -> 1.4226946 | M19: CFT, absolute (mol m-2 MPa-1) | N19: =N15*B28/18/(E3/10000) -> #DIV/0!
A20: -0.77 | B20: =-1/A20 -> 1.2987013 | C20: 1.4474 | D20: =C20-$B$3-$B$4 -> 0.210499 | E20: =(D20/$B$28) -> 0.99665814 | F20: =100*E20 -> 99.665814 | G20: =100-F20 -> 0.33418584 | H20: =(E20-N$10/100)/(1-N$10/100) -> 0.99364135 | I20: =H20*100 -> 99.364135 | J20: =-1/($K$28+$K$27*G20) -> -2.2196452 | K20: =A20-J20 -> 1.4496452
A26: Saturated water content extrapolation | J26: YTLP estimation
A27: Slope | B27: =STDEV(D8:D11)/STDEV(A8:A11) -> 0.010665345 | C27: n | D27: =COUNT(D8:D11) -> 4 | J27: Slope | K27: =-STDEV(B12:B16)/STDEV(G12:G16) -> -0.0086270706
A28: Intercept | B28: =AVERAGE(D8:D11)-B27*AVERAGE(A8:A11) -> 0.21120482 | C28: = Saturated Water Content (g) | J28: Intercept | K28: =AVERAGE(B12:B16)-K27*AVERAGE(G12:G16) -> 0.45340549
J29: n | K29: =COUNT(H11:H16) -> 5
J31: pio | K31: =-1/K28 -> -2.2055313
J32: maxpsip | K32: =-K31 -> 2.2055313
J33: RWDtlp | K33: =-(INTERCEPT(K8:K10,G8:G10)/(SLOPE(K8:K10,G8:G10))) -> 14.121803
J34: RWCtlp | K34: =100-K33 -> 85.878197
J35: psi_tlp | K35: =-1/(K27*(K33)+K28) -> -3.0159025
J36: e | K36: =K32/((100-K34)/100) -> 15.617916

Sheet QUAG_4
A2: Mass (g)
A3: Bag (g) | B3: 1.29375 | D3: Leaf area (cm2)
A4: Leaf dry mass(g) | B4: 0.1752
A7: Y (MPa) | B7: (-1/Y) | C7: M(g) | D7: Leaf water (g) | E7: Total RWC | F7: Total RWC(%) | G7: 100- total RWC | H7: Symplastic RWC | I7: Symplastic RWC (%) | J7: Yo (MPa) | K7: YP (MPa) | M7: SWC | N7: =B24/B4 -> 1.094146 | O7: Automatically calculated from the Saturated Water Content extrapolation below
A8: -0.356 | B8: =-1/A8 -> 2.8089888 | C8: 1.6547 | D8: =C8-$B$3-$B$4 -> 0.18575 | E8: =(D8/$B$24) -> 0.96899034 | F8: =100*E8 -> 96.899034 | G8: =100-F8 -> 3.1009664 | H8: =(E8-N$10/100)/(1-N$10/100) -> 0.9834419 | I8: =H8*100 -> 98.34419 | J8: =-1/($K$24+$K$23*G8) -> -2.6425991 | K8: =A8-J8 -> 2.2865991 | M8: Po (MPa) | N8: =-1/K24 -> -2.5988427 | O8: Automatically calculated from the psiTLP slope and intercept below
A9: -0.732 | B9: =-1/A9 -> 1.3661202 | C9: 1.64646 | D9: =C9-$B$3-$B$4 -> 0.17751 | E9: =(D9/$B$24) -> 0.92600525 | F9: =100*E9 -> 92.600525 | G9: =100-F9 -> 7.3994754 | H9: =(E9-N$10/100)/(1-N$10/100) -> 0.96048932 | I9: =H9*100 -> 96.048932 | J9: =-1/($K$24+$K$23*G9) -> -2.7057486 | K9: =A9-J9 -> 1.9737486 | M9: YTLP (MPa) | N9: =J12 -> -2.9879813 | O9: Refer to the cell with PSIo at turgor loss point (from column K) | W9: =
A10: -1.386 | B10: =-1/A10 -> 0.72150072 | C10: 1.63624 | D10: =C10-$B$3-$B$4 -> 0.16729 | E10: =(D10/$B$24) -> 0.87269122 | F10: =100*E10 -> 87.269122 | G10: =100-F10 -> 12.730878 | H10: =(E10-N$10/100)/(1-N$10/100) -> 0.93202145 | I10: =H10*100 -> 93.202145 | J10: =-1/($K$24+$K$23*G10) -> -2.7883936 | K10: =A10-J10 -> 1.4023936 | M10: af (%) | N10: =100+(K24/K23) -> -87.277877 | O10: Automatically calculated from the psiTLP slope and intercept below
A11: -2.123 | B11: =-1/A11 -> 0.47103156 | C11: 1.62554 | D11: =C11-$B$3-$B$4 -> 0.15659 | E11: =(D11/$B$24) -> 0.8168732 | F11: =100*E11 -> 81.68732 | G11: =100-F11 -> 18.31268 | H11: =(E11-N$10/100)/(1-N$10/100) -> 0.90221653 | I11: =H11*100 -> 90.221653 | J11: =-1/($K$24+$K$23*G11) -> -2.8805088 | K11: =A11-J11 -> 0.75750882 | M11: RWC*TLP (%) | N11: =F12 -> 75.609938 | O11: Refer to the cell with total RWC value at turgor loss point (from column F)
A12: -2.548 | B12: =-1/A12 -> 0.39246468 | C12: 1.61389 | D12: =C12-$B$3-$B$4 -> 0.14494 | E12: =(D12/$B$24) -> 0.75609938 | F12: =100*E12 -> 75.609938 | G12: =100-F12 -> 24.390062 | H12: =(E12-N$10/100)/(1-N$10/100) -> 0.86976538 | I12: =H12*100 -> 86.976538 | J12: =-1/($K$24+$K$23*G12) -> -2.9879813 | K12: =A12-J12 -> 0.43998128 | M12: RWCTLP (%) | N12: =I12 -> 86.976538 | O12: Refer to the cell with symplastic RWC value at turgor loss point (from column I)
A13: -3.024 | B13: =-1/A13 -> 0.33068783 | C13: 1.60153 | D13: =C13-$B$3-$B$4 -> 0.13258 | E13: =(D13/$B$24) -> 0.69162174 | F13: =100*E13 -> 69.162174 | G13: =100-F13 -> 30.837826 | H13: =(E13-N$10/100)/(1-N$10/100) -> 0.83533653 | I13: =H13*100 -> 83.533653 | J13: =-1/($K$24+$K$23*G13) -> -3.1111326 | K13: =A13-J13 -> 0.087132582 | M13: e* (MPa) | N13: =STDEV(K8:K12)/STDEV(E8:E12) -> 9.2279745 | O13: The slope of psiP versus total RWC, above and including turgor loss point
A14: -3.308 | B14: =-1/A14 -> 0.30229746 | C14: 1.58628 | D14: =C14-$B$3-$B$4 -> 0.11733 | E14: =(D14/$B$24) -> 0.61206803 | F14: =100*E14 -> 61.206803 | G14: =100-F14 -> 38.793197 | H14: =(E14-N$10/100)/(1-N$10/100) -> 0.79285756 | I14: =H14*100 -> 79.285756 | J14: =-1/($K$24+$K$23*G14) -> -3.2778179 | K14: =A14-J14 -> -0.030182103 | M14: e (MPa) | N14: =STDEV(K8:K12)/STDEV(H8:H12) -> 17.281955 | O14: The slope of psiP versus symplastic RWC, above and including turgor loss point
A15: -3.345 | B15: =-1/A15 -> 0.29895366 | C15: 1.5775 | D15: =C15-$B$3-$B$4 -> 0.10855 | E15: =(D15/$B$24) -> 0.56626595 | F15: =100*E15 -> 56.626595 | G15: =100-F15 -> 43.373405 | H15: =(E15-N$10/100)/(1-N$10/100) -> 0.76840081 | I15: =H15*100 -> 76.840081 | J15: =-1/($K$24+$K$23*G15) -> -3.3821446 | K15: =A15-J15 -> 0.037144645 | M15: C*FT (MPa-1) | N15: =STDEV(E8:E12)/STDEV(A8:A12) -> 0.092280004 | O15: The slope of total RWC vs psiLEAF, including points above and including turgor loss point
A16: -3.582 | B16: =-1/A16 -> 0.27917365 | C16: 1.5622 | D16: =C16-$B$3-$B$4 -> 0.09325 | E16: =(D16/$B$24) -> 0.48645141 | F16: =100*E16 -> 48.645141 | G16: =100-F16 -> 51.354859 | H16: =(E16-N$10/100)/(1-N$10/100) -> 0.72578256 | I16: =H16*100 -> 72.578256 | J16: =-1/($K$24+$K$23*G16) -> -3.5807456 | K16: =A16-J16 -> -0.0012544496 | M16: C*TLP (MPa-1) | N16: =STDEV(E12:E18)/STDEV(A12:A18) -> 0.29513675 | O16: The slope of total RWC vs psiLEAF, including points below and including turgor loss point
A17: -3.8858 | B17: =-1/A17 -> 0.25734726 | C17: 1.54212 | D17: =C17-$B$3-$B$4 -> 0.07317 | E17: =(D17/$B$24) -> 0.38170133 | F17: =100*E17 -> 38.170133 | G17: =100-F17 -> 61.829867 | H17: =(E17-N$10/100)/(1-N$10/100) -> 0.6698496 | I17: =H17*100 -> 66.98496 | J17: =-1/($K$24+$K$23*G17) -> -3.8797406 | K17: =A17-J17 -> -0.0060593884 | M17: CFT (MPa-1) | N17: =STDEV(H8:H12)/STDEV(A8:A12) -> 0.049274375 | O17: The slope of symplastic RWC vs. psiLEAF, including points above and including turgor loss point | W17: =7.4893/0.0974 -> 76.892197
M18: CTLP (MPa-1) | N18: =STDEV(H12:H18)/STDEV(A12:A18) -> 0.15759296 | O18: The slope of symplastic RWC vs. psiLEAF, including points below and including turgor loss point
A19: Plateau effect | M19: CFT, absolute (mol m-2 MPa-1) | N19: =N15*B24/18/(E3/10000) -> #DIV/0!
A20: -0.333 | B20: =-1/A20 -> 3.003003 | C20: 1.6875 | D20: =C20-$B$3-$B$4 -> 0.21855 | E20: =(D20/$B$24) -> 1.140096 | F20: =100*E20 -> 114.0096 | G20: =100-F20 -> -14.009603 | H20: =(E20-N$10/100)/(1-N$10/100) -> 1.0748065 | I20: =H20*100 -> 107.48065 | J20: =-1/($K$24+$K$23*G20) -> -2.4179633 | K20: =A20-J20 -> 2.0849633
A22: Saturated water content extrapolation | J22: YTLP estimation
A23: Slope | B23: =STDEV(D8:D12)/STDEV(A8:A12) -> 0.017689558 | C23: n | D23: =COUNT(D8:D12) -> 5 | J23: Slope | K23: =-STDEV(B14:B18)/STDEV(G14:G18) -> -0.0020546296
A24: Intercept | B24: =AVERAGE(D8:D12)-B23*AVERAGE(A8:A12) -> 0.19169438 | C24: = Saturated Water Content (g) | J24: Intercept | K24: =AVERAGE(B14:B18)-K23*AVERAGE(G14:G18) -> 0.38478666
J25: n | K25: =COUNT(H12:H18) -> 6
J27: pio | K27: =-1/K24 -> -2.5988427
J28: maxpsip | K28: =-K27 -> 2.5988427
J29: RWDtlp | K29: =-(INTERCEPT(K8:K11,G8:G11)/(SLOPE(K8:K11,G8:G11))) -> 26.161297
J30: RWCtlp | K30: =100-K29 -> 73.838703
J31: psi_tlp | K31: =-1/(K23*(K29)+K24) -> -3.0208296
J32: e | K32: =K28/((100-K30)/100) -> 9.9339214

Sheet QUAG_5
A2: Mass (g)
A3: Bag (g) | B3: 1.28554 | D3: Leaf area (cm2)
A4: Leaf dry mass(g) | B4: 0.16358
A7: Y (MPa) | B7: (-1/Y) | C7: M(g) | D7: Leaf water (g) | E7: Total RWC | F7: Total RWC(%) | G7: 100- total RWC | H7: Symplastic RWC | I7: Symplastic RWC (%) | K7: Yo (MPa) | L7: YP (MPa) | M7: SWC | N7: =B29/B4 -> 0.85559748 | O7: Automatically calculated from the Saturated Water Content extrapolation below
A8: -0.522 | B8: =-1/A8 -> 1.9157088 | C8: 1.58387 | D8: =C8-$B$3-$B$4 -> 0.13475 | E8: =(D8/$B$29) -> 0.96278447 | F8: =100*E8 -> 96.278447 | G8: =100-F8 -> 3.7215533 | H8: =(E8-N$10/100)/(1-N$10/100) -> 0.95687546 | I8: =H8*100 -> 95.687546 | J8: =100-I8 -> 4.312454 | K8: =-1/($K$29+$K$28*G8) -> -2.5649159 | L8: =A8-K8 -> 2.0429159 | M8: Po (MPa) | N8: =-1/K29 -> -2.4543051 | O8: Automatically calculated from the psiTLP slope and intercept below
A9: -1.295 | B9: =-1/A9 -> 0.77220077 | C9: 1.57445 | D9: =C9-$B$3-$B$4 -> 0.12533 | E9: =(D9/$B$29) -> 0.89547887 | F9: =100*E9 -> 89.547887 | G9: =100-F9 -> 10.452113 | H9: =(E9-N$10/100)/(1-N$10/100) -> 0.87888321 | I9: =H9*100 -> 87.888321 | J9: =100-I9 -> 12.111679 | K9: =-1/($K$29+$K$28*G9) -> -2.792527 | L9: =A9-K9 -> 1.497527 | M9: YTLP (MPa) | N9: =K11 -> -3.508402 | O9: Refer to the cell with PSIo at turgor loss point (from column K)
A10: -2.405 | B10: =-1/A10 -> 0.41580042 | C10: 1.56304 | D10: =C10-$B$3-$B$4 -> 0.11392 | E10: =(D10/$B$29) -> 0.81395478 | F10: =100*E10 -> 81.395478 | G10: =100-F10 -> 18.604522 | H10: =(E10-N$10/100)/(1-N$10/100) -> 0.7844149 | I10: =H10*100 -> 78.44149 | J10: =100-I10 -> 21.55851 | K10: =-1/($K$29+$K$28*G10) -> -3.1288354 | L10: =A10-K10 -> 0.72383543 | M10: af (%) | N10: =100+(K29/K28) -> 13.702191 | O10: Automatically calculated from the psiTLP slope and intercept below
A11: -3.37 | B11: =-1/A11 -> 0.29673591 | C11: 1.55279 | D11: =C11-$B$3-$B$4 -> 0.10367 | E11: =(D11/$B$29) -> 0.74071885 | F11: =100*E11 -> 74.071885 | G11: =100-F11 -> 25.928115 | H11: =(E11-N$10/100)/(1-N$10/100) -> 0.69955072 | I11: =H11*100 -> 69.955072 | J11: =100-I11 -> 30.044928 | K11: =-1/($K$29+$K$28*G11) -> -3.508402 | L11: =A11-K11 -> 0.13840196 | M11: RWC*TLP (%) | N11: =F11 -> 74.071885 | O11: Refer to the cell with total RWC value at turgor loss point (from column F)
A12: -4.27 | B12: =-1/A12 -> 0.23419204 | C12: 1.54162 | D12: =C12-$B$3-$B$4 -> 0.0925 | E12: =(D12/$B$29) -> 0.66090956 | F12: =100*E12 -> 66.090956 | G12: =100-F12 -> 33.909044 | H12: =(E12-N$10/100)/(1-N$10/100) -> 0.60706947 | I12: =H12*100 -> 60.706947 | J12: =100-I12 -> 39.293053 | K12: =-1/($K$29+$K$28*G12) -> -4.0428736 | L12: =A12-K12 -> -0.22712641 | M12: RWCTLP (%) | N12: =I11 -> 69.955072 | O12: Refer to the cell with symplastic RWC value at turgor loss point (from column I)
A13: -5.352 | B13: =-1/A13 -> 0.18684604 | C13: 1.52616 | D13: =C13-$B$3-$B$4 -> 0.07704 | E13: =(D13/$B$29) -> 0.55044835 | F13: =100*E13 -> 55.044835 | G13: =100-F13 -> 44.955165 | H13: =(E13-N$10/100)/(1-N$10/100) -> 0.47906945 | I13: =H13*100 -> 47.906945 | J13: =100-I13 -> 52.093055 | K13: =-1/($K$29+$K$28*G13) -> -5.1230674 | L13: =A13-K13 -> -0.22893256 | M13: e* (MPa) | N13: =STDEV(L8:L11)/STDEV(E8:E11) -> 8.6894007 | O13: The slope of psiP versus total RWC, above and including turgor loss point
A14: -6.972 | B14: =-1/A14 -> 0.14343087 | C14: 1.50791 | D14: =C14-$B$3-$B$4 -> 0.05879 | E14: =(D14/$B$29) -> 0.42005268 | F14: =100*E14 -> 42.005268 | G14: =100-F14 -> 57.994732 | H14: =(E14-N$10/100)/(1-N$10/100) -> 0.32796983 | I14: =H14*100 -> 32.796983 | J14: =100-I14 -> 67.203017 | K14: =-1/($K$29+$K$28*G14) -> -7.483326 | L14: =A14-K14 -> 0.51132601 | M14: e (MPa) | N14: =STDEV(L8:L11)/STDEV(H8:H11) -> 7.4987625 | O14: The slope of psiP versus symplastic RWC, above and including turgor loss point
M15: C*FT (MPa-1) | N15: =STDEV(E8:E11)/STDEV(A8:A11) -> 0.077326532 | O15: The slope of total RWC vs psiLEAF, including points above and including turgor loss point
M16: C*TLP (MPa-1) | N16: =STDEV(E11:E14)/STDEV(A11:A14) -> 0.089858306 | O16: The slope of total RWC vs psiLEAF, including points below and including turgor loss point
H17: =AVERAGE(B12:B14) -> 0.18815631 | J17: =-STDEV(B12:B14)/STDEV(G12:G14) -> -0.0037651433 | K17: =J18/J17 -> -95.592862 | M17: CFT (MPa-1) | N17: =STDEV(H8:H11)/STDEV(A8:A11) -> 0.089604282 | O17: The slope of symplastic RWC vs. psiLEAF, including points above and including turgor loss point
A18: Plateau effect | H18: =AVERAGE(G12:G14) -> 45.619647 | J18: =H17-J17*H18 -> 0.35992082 | K18: =100+K17 -> 4.4071384 | M18: CTLP (MPa-1) | N18: =STDEV(H11:H14)/STDEV(A11:A14) -> 0.10412582 | O18: The slope of symplastic RWC vs. psiLEAF, including points below and including turgor loss point
M19: CFT, absolute (mol m-2 MPa-1) | N19: =N15*B29/18/(E3/10000) -> #DIV/0!
A20: -0.282 | B20: =-1/A20 -> 3.5460993 | C20: 1.59539 | D20: =C20-$B$3-$B$4 -> 0.14627 | E20: =(D20/$B$29) -> 1.0450945 | F20: =100*E20 -> 104.50945 | G20: =100-F20 -> -4.50945 | H20: =(E20-N$10/100)/(1-N$10/100) -> 1.0522545 | I20: =H20*100 -> 105.22545 | J20: =-1/($K$29+$K$28*G20) -> -2.3324254 | K20: =A20-J20 -> 2.0504254
H23: =INTERCEPT(L8:L11,G8:G11) -> 2.3752283 | I23: =H23/H24 -> -27.350825
H24: =SLOPE(L8:L11,G8:G11) -> -0.086843024
A27: Saturated water content extrapolation | J27: YTLP estimation
A28: Slope | B28: =STDEV(D8:D11)/STDEV(A8:A11) -> 0.010822516 | C28: n | D28: =COUNT(D8:D11) -> 4 | J28: Slope | K28: =-STDEV(B11:B14)/STDEV(G11:G14) -> -0.0047214096 | M28: =STDEV(L8:L11)/STDEV(G8:G11) -> 0.086894007
A29: Intercept | B29: =AVERAGE(D8:D11)-B28*AVERAGE(A8:A11) -> 0.13995864 | C29: = Saturated Water Content (g) | J29: Intercept | K29: =AVERAGE(B11:B14)-K28*AVERAGE(G11:G14) -> 0.4074473
J30: n | K30: =COUNT(H11:H14) -> 4
J32: pio | K32: =-1/K29 -> -2.4543051 | L32: -2.4543051
J33: maxpsip | K33: =-K32 -> 2.4543051 | L33: =L32*-1 -> 2.4543051
J34: RWDtlp | K34: =-(INTERCEPT(L8:L11,G8:G11)/(SLOPE(L8:L11,G8:G11))) -> 27.350825 | L34: =-(INTERCEPT(L8:L11,J8:J11)/(SLOPE(L8:L11,J8:J11))) -> 31.693533
J35: RWCtlp | K35: =100-K34 -> 72.649175 | L35: =100-L34 -> 68.306467
J36: psi_tlp | K36: =-1/(K28*(K34)+K29) -> -3.5930787
J37: e | K37: =K33/((100-K35)/100) -> 8.9734228 | L37: =L33/((100-L35)/100) -> 7.7438673
K38: =K33/(K34/100) -> 8.9734228

Sheet QUAG_6
A2: Mass (g)
A3: Bag (g) | B3: 4.97258 | D3: Leaf area (cm2)
A4: Leaf dry mass(g) | B4: 0.72205
A7: Y (MPa) | B7: (-1/Y) | C7: M(g) | D7: Leaf water (g) | E7: Total RWC | F7: Total RWC(%) | G7: 100- total RWC | H7: Symplastic RWC | I7: Symplastic RWC (%) | J7: Yo (MPa) | K7: YP (MPa) | M7: SWC | N7: =B24/B4 -> #DIV/0! | O7: Automatically calculated from the Saturated Water Content extrapolation below
D8: =C8-$B$3-$B$4 -> -5.69463 | E8: =(D8/$B$24) -> #DIV/0! | F8: =100*E8 -> #DIV/0! | G8: =100-F8 -> #DIV/0! | H8: =(E8-N$10/100)/(1-N$10/100) -> #DIV/0! | I8: =H8*100 -> #DIV/0! | J8: =-1/($K$24+$K$23*G8) -> #DIV/0! | K8: =A8-J8 -> #DIV/0! | M8: Po (MPa) | N8: =-1/K24 -> #DIV/0! | O8: Automatically calculated from the psiTLP slope and intercept below
D9: =C9-$B$3-$B$4 -> -5.69463 | E9: =(D9/$B$24) -> #DIV/0! | F9: =100*E9 -> #DIV/0! | G9: =100-F9 -> #DIV/0! | H9: =(E9-N$10/100)/(1-N$10/100) -> #DIV/0! | I9: =H9*100 -> #DIV/0! | J9: =-1/($K$24+$K$23*G9) -> #DIV/0! | K9: =A9-J9 -> #DIV/0! | M9: YTLP (MPa) | N9: =J12 -> #DIV/0! | O9: Refer to the cell with PSIo at turgor loss point (from column K)
D10: =C10-$B$3-$B$4 -> -5.69463 | E10: =(D10/$B$24) -> #DIV/0! | F10: =100*E10 -> #DIV/0! | G10: =100-F10 -> #DIV/0! | H10: =(E10-N$10/100)/(1-N$10/100) -> #DIV/0! | I10: =H10*100 -> #DIV/0! | J10: =-1/($K$24+$K$23*G10) -> #DIV/0! | K10: =A10-J10 -> #DIV/0! | M10: af (%) | N10: =100+(K24/K23) -> #DIV/0! | O10: Automatically calculated from the psiTLP slope and intercept below
D11: =C11-$B$3-$B$4 -> -5.69463 | E11: =(D11/$B$24) -> #DIV/0! | F11: =100*E11 -> #DIV/0! | G11: =100-F11 -> #DIV/0! | H11: =(E11-N$10/100)/(1-N$10/100) -> #DIV/0! | I11: =H11*100 -> #DIV/0! | J11: =-1/($K$24+$K$23*G11) -> #DIV/0! | K11: =A11-J11 -> #DIV/0! | M11: RWC*TLP (%) | N11: =F12 -> #DIV/0! | O11: Refer to the cell with total RWC value at turgor loss point (from column F)
D12: =C12-$B$3-$B$4 -> -5.69463 | E12: =(D12/$B$24) -> #DIV/0! | F12: =100*E12 -> #DIV/0! | G12: =100-F12 -> #DIV/0! | H12: =(E12-N$10/100)/(1-N$10/100) -> #DIV/0! | I12: =H12*100 -> #DIV/0! | J12: =-1/($K$24+$K$23*G12) -> #DIV/0! | K12: =A12-J12 -> #DIV/0! | M12: RWCTLP (%) | N12: =I12 -> #DIV/0! | O12: Refer to the cell with symplastic RWC value at turgor loss point (from column I)
D13: =C13-$B$3-$B$4 -> -5.69463 | E13: =(D13/$B$24) -> #DIV/0! | F13: =100*E13 -> #DIV/0! | G13: =100-F13 -> #DIV/0! | H13: =(E13-N$10/100)/(1-N$10/100) -> #DIV/0! | I13: =H13*100 -> #DIV/0! | J13: =-1/($K$24+$K$23*G13) -> #DIV/0! | K13: =A13-J13 -> #DIV/0! | M13: e* (MPa) | N13: =STDEV(K8:K12)/STDEV(E8:E12) -> #DIV/0! | O13: The slope of psiP versus total RWC, above and including turgor loss point
M14: e (MPa) | N14: =STDEV(K8:K12)/STDEV(H8:H12) -> #DIV/0! | O14: The slope of psiP versus symplastic RWC, above and including turgor loss point
M15: C*FT (MPa-1) | N15: =STDEV(E8:E12)/STDEV(A8:A12) -> #DIV/0! | O15: The slope of total RWC vs psiLEAF, including points above and including turgor loss point
D16: =C16-$B$3-$B$4 -> -5.69463 | E16: =(D16/$B$24) -> #DIV/0! | F16: =100*E16 -> #DIV/0! | G16: =100-F16 -> #DIV/0! | H16: =(E16-N$10/100)/(1-N$10/100) -> #DIV/0! | I16: =H16*100 -> #DIV/0! | J16: =-1/($K$24+$K$23*G16) -> #DIV/0! | K16: =A16-J16 -> #DIV/0! | M16: C*TLP (MPa-1) | N16: =STDEV(E12:E13)/STDEV(A12:A13) -> #DIV/0! | O16: The slope of total RWC vs psiLEAF, including points below and including turgor loss point
D17: =C17-$B$3-$B$4 -> -5.69463 | E17: =(D17/$B$24) -> #DIV/0! | F17: =100*E17 -> #DIV/0! | G17: =100-F17 -> #DIV/0! | H17: =(E17-N$10/100)/(1-N$10/100) -> #DIV/0! | I17: =H17*100 -> #DIV/0! | J17: =-1/($K$24+$K$23*G17) -> #DIV/0! | K17: =A17-J17 -> #DIV/0! | M17: CFT (MPa-1) | N17: =STDEV(H8:H12)/STDEV(A8:A12) -> #DIV/0! | O17: The slope of symplastic RWC vs. psiLEAF, including points above and including turgor loss point
D18: =C18-$B$3-$B$4 -> -5.69463 | E18: =(D18/$B$24) -> #DIV/0! | F18: =100*E18 -> #DIV/0! | G18: =100-F18 -> #DIV/0! | H18: =(E18-N$10/100)/(1-N$10/100) -> #DIV/0! | I18: =H18*100 -> #DIV/0! | J18: =-1/($K$24+$K$23*G18) -> #DIV/0! | K18: =A18-J18 -> #DIV/0! | M18: CTLP (MPa-1) | N18: =STDEV(H12:H13)/STDEV(A12:A13) -> #DIV/0! | O18: The slope of symplastic RWC vs. psiLEAF, including points below and including turgor loss point
M19: CFT, absolute (mol m-2 MPa-1) | N19: =N15*B24/18/(E3/10000) -> #DIV/0!
A22: Saturated water content extrapolation | J22: YTLP estimation
A23: Slope | B23: =STDEV(D8:D12)/STDEV(A8:A12) -> #DIV/0! | C23: n | D23: =COUNT(D8:D12) -> 5 | J23: Slope | K23: =-STDEV(B12:B13)/STDEV(G12:G13) -> #DIV/0!
A24: Intercept | B24: =AVERAGE(D8:D12)-B23*AVERAGE(A8:A12) -> #DIV/0! | C24: = Saturated Water Content (g) | J24: Intercept | K24: =AVERAGE(B12:B13)-K23*AVERAGE(G12:G13) -> #DIV/0!
J25: n | K25: =COUNT(H12:H13) -> 0
J27: pio | K27: =-1/K24 -> #DIV/0!
J28: maxpsip | K28: =-K27 -> #DIV/0!
J29: RWDtlp | K29: =-(INTERCEPT(K3:K5,G3:G5)/(SLOPE(K3:K5,G3:G5))) -> #DIV/0!
J30: RWCtlp | K30: =100-K29 -> #DIV/0!
J31: psi_tlp | K31: =-1/(K23*(K29)+K24) -> #DIV/0!
J32: e | K32: =K28/((100-K30)/100) -> #DIV/0!

Sheet summary
A1: LEAF | B1: SWC | C1: Po (MPa) | D1: YTLP (MPa) | E1: af (%) | F1: RWC*TLP (%) | G1: RWCTLP (%) | H1: e* (MPa) | I1: e (MPa) | J1: C*FT (MPa-1) | K1: C*TLP (MPa-1) | L1: CFT (MPa-1) | M1: CTLP (MPa-1) | N1: CFT, absolute (mol m-2 MPa-1) | Q1: pio | R1: RWCtlp | S1: psi_tlp | T1: e
A2: 1 | B2: =QUAG_1!N7 -> 1.0105633 | C2: =QUAG_1!N8 -> -2.0291351 | D2: =QUAG_1!N9 -> -2.6944509 | E2: =QUAG_1!N10 -> -18.350143 | F2: =QUAG_1!N11 -> 70.776893 | G2: =QUAG_1!N12 -> 75.307924 | H2: =QUAG_1!N13 -> 8.4368938 | I2: =QUAG_1!N14 -> 9.9850758 | J2: =QUAG_1!N15 -> 0.092486961 | K2: =QUAG_1!N16 -> 0.24266633 | L2: =QUAG_1!N17 -> 0.078146894 | M2: =QUAG_1!N18 -> 0.20504101 | N2: =QUAG_1!N19 -> #DIV/0! | Q2: -2.0291351 | R2: 75.950676 | S2: -2.5466208 | T2: 8.4373891
A3: 2 | B3: =QUAG_2!N7 -> 1.3652429 | C3: =QUAG_2!N8 -> -2.0923488 | D3: =QUAG_2!N9 -> -3.0345657 | E3: =QUAG_2!N10 -> -20.827671 | F3: =QUAG_2!N11 -> 62.483637 | G3: =QUAG_2!N12 -> 68.950521 | H3: =QUAG_2!N13 -> 5.0810744 | I3: =QUAG_2!N14 -> 6.1393439 | J3: =QUAG_2!N15 -> 0.13202528 | K3: =QUAG_2!N16 -> 0.21982692 | L3: =QUAG_2!N17 -> 0.10926742 | M3: =QUAG_2!N18 -> 0.18193426 | N3: =QUAG_2!N19 -> #DIV/0! | Q3: -2.0923488 | R3: 54.538844 | S3: -3.3544557 | T3: 4.6024981
A4: 3 | B4: =QUAG_3!N7 -> 1.49157 | C4: =QUAG_3!N8 -> -2.2055313 | D4: =QUAG_3!N9 -> -3.1148995 | E4: =QUAG_3!N10 -> 47.443865 | F4: =QUAG_3!N11 -> 84.656687 | G4: =QUAG_3!N12 -> 70.805857 | H4: =QUAG_3!N13 -> 13.591965 | I4: =QUAG_3!N14 -> 7.1434117 | J4: =QUAG_3!N15 -> 0.050497641 | K4: =QUAG_3!N16 -> 0.064519694 | L4: =QUAG_3!N17 -> 0.096083246 | M4: =QUAG_3!N18 -> 0.12276339 | N4: =QUAG_3!N19 -> #DIV/0! | Q4: -2.2055313 | R4: 85.878197 | S4: -3.0159025 | T4: 15.617916
A5: 4 | B5: =QUAG_4!N7 -> 1.094146 | C5: =QUAG_4!N8 -> -2.5988427 | D5: =QUAG_4!N9 -> -2.9879813 | E5: =QUAG_4!N10 -> -87.277877 | F5: =QUAG_4!N11 -> 75.609938 | G5: =QUAG_4!N12 -> 86.976538 | H5: =QUAG_4!N13 -> 9.2279745 | I5: =QUAG_4!N14 -> 17.281955 | J5: =QUAG_4!N15 -> 0.092280004 | K5: =QUAG_4!N16 -> 0.29513675 | L5: =QUAG_4!N17 -> 0.049274375 | M5: =QUAG_4!N18 -> 0.15759296 | N5: =QUAG_4!N19 -> #DIV/0! | Q5: -2.5988427 | R5: 73.838703 | S5: -3.0208296 | T5: 9.9339214
A6: 5 | B6: =QUAG_5!N7 -> 0.85559748 | C6: =QUAG_5!N8 -> -2.4543051 | D6: =QUAG_5!N9 -> -3.508402 | E6: =QUAG_5!N10 -> 13.702191 | F6: =QUAG_5!N11 -> 74.071885 | G6: =QUAG_5!N12 -> 69.955072 | H6: =QUAG_5!N13 -> 8.6894007 | I6: =QUAG_5!N14 -> 7.4987625 | J6: =QUAG_5!N15 -> 0.077326532 | K6: =QUAG_5!N16 -> 0.089858306 | L6: =QUAG_5!N17 -> 0.089604282 | M6: =QUAG_5!N18 -> 0.10412582 | N6: =QUAG_5!N19 -> #DIV/0! | Q6: -2.4543051 | R6: 72.649175 | S6: -3.5930787 | T6: 8.9734228
A7: 6
A10: average | B10: =AVERAGE(B2:B7) -> 1.1634239 | C10: =AVERAGE(C2:C7) -> -2.2760326 | D10: =AVERAGE(D2:D7) -> -3.0680599 | E10: =AVERAGE(E2:E7) -> -13.061927 | F10: =AVERAGE(F2:F7) -> 73.519808 | G10: =AVERAGE(G2:G7) -> 74.399182 | H10: =AVERAGE(H2:H7) -> 9.0054617 | I10: =AVERAGE(I2:I7) -> 9.6097097 | ... N10: =AVERAGE(N2:N7) -> #DIV/0!
A11: SE | B11: =STDEV(B2:B7)/SQRT(COUNT(B2:B7)) -> 0.11647611 | C11: =STDEV(C2:C7)/SQRT(COUNT(C2:C7)) -> 0.10854861 | D11: =STDEV(D2:D7)/SQRT(COUNT(D2:D7)) -> 0.1309987 | E11: =STDEV(E2:E7)/SQRT(COUNT(E2:E7)) -> 22.331086 | F11: =STDEV(F2:F7)/SQRT(COUNT(F2:F7)) -> 3.5918251 | G11: =STDEV(G2:G7)/SQRT(COUNT(G2:G7)) -> 3.3269033 | H11: =STDEV(H2:H7)/SQRT(COUNT(H2:H7)) -> 1.3584827 | I11: =STDEV(I2:I7)/SQRT(COUNT(I2:I7)) -> 2.0197327 | ... N11: =STDEV(N2:N7)/SQRT(COUNT(N2:N7)) -> #DIV/0!

Sheet Protocol
A1: Pink cells: data entry
A2: Yellow cells: formulas need adjusting
A3: Orange cells: automatic calculation
A5: 1. Enter data
A6: A. | B6: Enter measured leaf water potential values and mass values, columns A and C
A7: B. | B7: Enter leaf dry mass and bag mass, cells B3 and B4, and leaf area, cell E3 (optional, for calculation of absolute capacitance, Cft*)
A9: 2. Plateau effect and saturated water content estimation
A10: A. | B10: Look at the "plateau effect and saturated water content" graph
A11: B. | B11: If plateau effect exists (horizontal region when the leaf is hydrated) then take points out (move row(s) to below dataset)
A12: C. | B12: Pick points between full turgor and turgor loss, including turgor loss point (estimate this as the point of transition between curved and linear portions)
A13: D. | B13: Modify "Saturated Water Content at Saturation" formulas (cells B21 and B22 and D21), for slope and intercept and n, to include all the points above, and including, turgor loss point
A14: E. | B14: Saturated Water Content (SWC; cell L7) is now calculated from the intercept (= leaf water mass at saturation / dry mass)
A16: 3. Turgor loss point and osmotic potential at full turgor
A17: A. | B17: Look at YTLP graph and adjust point ranges to include all the points
A18: B. | B18: Estimate where the turgor loss point is; as the point of transition between curved and linear portions
A19: C. | B19: Hint: adjust the point ranges for the linear portion (black dots); the R² should be as high as possible, with at least 5 points included.
A20: D. | B20: If the turgor loss point is different from that chosen in step 3C above, return there and make the correction and continue from there
A21: E. | B21: Draw a "border" above the turgor loss point
A22: F. | B22: In green YTLP area (cells K21, K22, and L20), adjust slope, intercept and n formulas to include turgor loss point and points below
A23: G. | B23: Osmotic potential at full turgor is now correctly calculated (=1/ intecept; cell L8)
A24: H. | B24: In cell L9, adjust formula for turgor loss point (should refer to column H, cell below the border)
A25: I. | B25: Apoplastic fraction is now correctly calculated (= RWC at which y = 0 for the regression in cells K21 and K22; cell L10)
A26: J. | B26: In cell L11, adjust formula for total RWC at turgor loss point (should refer to column F, cell below the border)
A27: K. | B27: In cell L12, adjust formula for symplastic RWC at turgor loss point (should refer to column I, cell below the border)
A30: 4. Elasticity and capacitance
A31: A. | B31: In cell L13, adjust formula, so that the modulus of elasticity is calculated as the slope of psiP versus total RWC, above and including turgor loss point
A32: B. | B32: In cell L14, adjust formula, so that the modulus of elasticity is calculated as the slope of psiP versus symplastic RWC, above and including turgor loss point
A33: C. | B33: The capacitance is the slope of RWC versus leaf water potential, and tends to increase below turgor loss point
A34: D. | B34: Adjust formula in cell L15 for C at full turgor using total RWC, to include points above and including turgor loss point
A35: E. | B35: Adjust formula in cell L16 for C at full turgor using total RWC, to include points below and including turgor loss point
A36: F. | B36: Adjust formula in cell L16 for C at full turgor using symplastic RWC, to include points above and including turgor loss point
A37: G. | B37: Adjust formula in cell L17 for C at full turgor using symplastic RWC, to include points below and including turgor loss point
A38: H. | B38: Absolute capacitance at full turgor for total RWC (cell L18)and symplastic RWC (cell L19) are now calculated
